mean_max_cutoff	median_max_cutoff	sd_max_cutoff
0.19377871991427403	0.18633753741565623	0.024378672265808206
