mean_max_cutoff	median_max_cutoff	sd_max_cutoff
0.15779706791925724	0.15404927035410332	0.016215374530297214
